name,predicted_religion,muslim_score
Shaurya Mehta,0.0,-0.8504345889251637
Meran Panigrahi,0.0,-0.6794348542439392
Ashrith,0.0,-0.1825941436449614
Pranay Saraswat,0.0,-1.5219698814645157
Abhimanyu Khan,1.0,0.30898508514802514
